제목,작성일,합격한 회사&직무,지원시기,나이,학교 및 전공,학점,어학점수,대외활동 및 자격증,인턴경험,기타사항,합격팁,URL
[SK하이닉스 합격스펙] 2026년 6월 SK하이닉스 (서류) 합격스펙,2026.07.01. 17:54,SK하이닉스 설계,26년도 6월,"31살 (만 29세, 96년생)",경북대학교 전자공학부,3.75/4.5,IM1,레바논 해외파병 경험 8개월,X,최우수상(1등상) 2회 수상,"석사 졸업 및 중소기업 경력 3년, SCIE급 논문 5편 작성(1저자 1편)",https://cafe.naver.com/f-e/cafes/15754634/articles/7858359?boardtype=L&menuid=9027&referrerAllArticles=false&page=1
[서류] [현대자동차 합격스펙] 2026년 상반기 현대자동차 인턴 서류 합격스펙,2026.05.24. 19:29,현대자동차 품질보증,26년도 상반기,23,지거국,3.87,X,"Adsp, 멘토링, 서포터즈",X,"학부연구생, 교내대회 수상, 교외대회 수상",학부연구생 경험을 살려서 해당 직무에 필요한 사항과 엮어 기입했습니다. 그리고 교내대회에서 상받은 경험을 최대한 살려 자소서 작성했습니다. 품질 쪽은 데이터 분석이 중점이기에 이 부분을 강조한 것 같습니다.,https://cafe.naver.com/f-e/cafes/15754634/articles/7824883?boardtype=L&menuid=9027&referrerAllArticles=false&page=1
삼증 서류합격스펙,2026.05.10. 16:14,삼성증권 AI서비스기획/운영,26년도 상반기,26,인서울 산업공학,4점대 초반,토스 IH,"AI 인턴 1회, 동아리 및 학회 4회, 자격증 4개",O,"데이터분석 수상 1회, AI프로젝트 수상 1회","삼성은 특히 지속적으로 꾸준하게 활동을 해온 부분들을 높게 사는 것 같습니다.
자소서내용도 중요하지만 그 전에 이력 칸을 상세히 작성하는게 중요하다고 느껴집니다",https://cafe.naver.com/f-e/cafes/15754634/articles/7812656?boardtype=L&menuid=9027&referrerAllArticles=false&page=1
[삼성전자 합격스펙] 2026년 상반기 삼성전자 영상디스플레이사업부 제품 마케팅 서류 합격스펙,2026.05.09. 20:33,삼성전자 영상디스플레이사업부 제품마케팅,26년 상반기,27,서울대 언론정보,3.87 / 4.3,OPIC IH,SQLD,2회,,자소서쓸때 각 문장에 왜 를 같이 써주는게 중요한 것 같아요,https://cafe.naver.com/f-e/cafes/15754634/articles/7811975?boardtype=L&menuid=9027&referrerAllArticles=false&page=1
[삼성중공업 합격스펙] 2026년 상반기 삼성중공업 서류 합격스펙,2026.05.09. 17:35,삼성중공업 해양설계,26년도 상반기,26살,지방국립 화공,3.6,ih,위산기,무,직무 무관 수상 3회,자소서에 영혼을 바치기,https://cafe.naver.com/f-e/cafes/15754634/articles/7811815?boardtype=L&menuid=9027&referrerAllArticles=false&page=1
삼성디스플레이 서류 합격,2026.05.09. 09:20,삼성디스플레이 상반기 공채 연구개발,26년 상반기,27,서울 하위권 전기전자,4.1,x,토스 IH,학부연구생 2년,장학금 수여 4회,학부연구생 경험이 컸던 것 같습니다,https://cafe.naver.com/f-e/cafes/15754634/articles/7811450?boardtype=L&menuid=9027&referrerAllArticles=false&page=1
삼디플 연구개발 인턴 서류합격,2026.05.09. 00:51,삼성디스플레이 연구개발 인턴,26년 상반기,23,서울 중상위권 전기전자,3.74,"오픽 IH, 토익 880","자격증 무, 대외활동 무","학부연구생 8개월, 공정실습 조교","아르바이트 3년, 반도체학술대회 학부생포스터 발표상",학부연구생 활동이 자소서 작성에 큰 도움이 되었습니다,https://cafe.naver.com/f-e/cafes/15754634/articles/7811306?boardtype=L&menuid=9027&referrerAllArticles=false&page=1
삼디플 인턴 연구개발,2026.05.08. 20:02,삼디플 연구개발,26 상,24,지거국 고분자,3.95,토스ih,"adsp, 6sigma gb",박막증착 현장실습,연구보조 2회(1달),여러 분야의 경험,https://cafe.naver.com/f-e/cafes/15754634/articles/7811001?boardtype=L&menuid=9027&referrerAllArticles=false&page=1
삼전 합격 스펙,2026.05.08. 19:38,삼전 메공기,26하반기,28,ky 신소재,4.15,오픽 IH,adsp,x,x,장기현장실습 경험,https://cafe.naver.com/f-e/cafes/15754634/articles/7810984?boardtype=L&menuid=9027&referrerAllArticles=false&page=1
삼성전자 서류 합격스펙,2026.05.08. 18:35,삼성전자 공정기술,26년 상반기,25,서성한/화공,4.1,토스 140,3개 자격증 및 교내 활동 다수,없음,랩실경험,기업 분석을 통해 교내 활동을 녹여 자소서 작성,https://cafe.naver.com/f-e/cafes/15754634/articles/7810951?boardtype=L&menuid=9027&referrerAllArticles=false&page=1
삼성 에스원,2026.05.08. 17:50,삼성 에스원 영업,26년도 상반기,25,중경외시 경영,4.0,오픽,멘토링 대외활동,공공기관 1회,요식업 아르바이트 1년,적은 경험들로 어떻게든 연관지으려고 했습니다.,https://cafe.naver.com/f-e/cafes/15754634/articles/7810895?boardtype=L&menuid=9027&referrerAllArticles=false&page=1
[삼성바이오로직스 합격스펙] 2026년 상반기 삼성바이오로직스 서류 합격스펙,2026.05.08. 17:30,삼성바이오로직스 경영지원,26년도 상반기,25,경영학과,4.3/4.5,토익 985,"경영학회, 수상경험 2회, 컴활",x,랩실 경험 O,철저한 기업 분석 바탕으로 활동 내용을 삼바와 엮어서 자소서 작성,https://cafe.naver.com/f-e/cafes/15754634/articles/7810866?boardtype=L&menuid=9027&referrerAllArticles=false&page=1
[삼성E&A 합격스펙] 2026년 상반기 삼성E&A 서류 합격스펙,2026.05.08. 17:21,삼성E&A 사업관리,26년도 상반기,만 26,서울 상위권 건축토목학부,GPA 91.6,토스 150,X,1회 (전공무관),사업 경험,인턴십과 사업 경험이 도움이 되었습니다.,https://cafe.naver.com/f-e/cafes/15754634/articles/7810842?boardtype=L&menuid=9027&referrerAllArticles=false&page=1
현대케피코 서류합격 스펙,2026.05.03. 22:15,현대케피코 공정거래 CP 직무,'25년 하반기,30초중반,중경외시 외국어,3점 중반,오픽 AL,X,X,관련직무 경력 有,"현대케피코는 현대자동차 계열사로서 제조업입니다. 하도 오래전에 면접을 봐서 기억이 잘 안나네요.
자소서 문항도 무난했고... 제가 경력을 가진 사람이라 관련 경력을 끌어모아서 자소서를 좀 더 풍부하게 쓸 수 있었습니다. 아무래도 관련 경력이 있으면 쓸만한게 더 많긴합니다!
그리고, 지원하는 직무에 있어서 본인이 일했떤 직무와 다소 동떨어진 직무라면... 지원하는 직무와 본인이 갖고있는 직무경험의 교집합을 찾아서 쓰세요..그리고 지원하는 직무가 어떤 점이 관심이 가게되었고 이런 점이 좀 더 매력있어서 직무전환을 하려고한다라는 말을 쓰면 더더욱 좋을거 같습니다 :)
현대케피코는 제 기억으론 매출액이 현대차 계열사에서는 그렇게 높지는 않지만 꽤나 알짜계열사고... 저는 1차면접에서 떨어져서 꽤나 아쉬웠던 기억이 많이 남는 기업이네요 ㅠㅠ
서류합격은 서류를 지원하고서 열흘 후에 연락이 왔습니다. 공채 개념이 아니라 수시채용이었어가지고... 예전에 ㅈㅅㅅ닷컴에서 채팅방 봤을때는 서류탈락하신 분들은 따로 연락받지는 못하고 합격 한분들에게만 개별적으로 연락이 간거 같아요. 그리고 그 이후로 인성검사 보고 그 다음에 면접을 봤습니다. :)",https://cafe.naver.com/f-e/cafes/15754634/articles/7805266?boardtype=L&menuid=9027&referrerAllArticles=false&page=1
[현대자동차 합격스펙] 2026년 상반기 현대자동차 서류 합격스펙,2026.04.27. 14:03,,,28,건국대학교 사과대,3.8,오픽 IH,"해외경험2, 자격증2(엑셀, HR 관련 자격증)","국내 IT 기업 HR 1년 계약직 , HR 컨설팅 회사 인턴 재직중","교내 수상1회, 교외 공모전 최우수상(장관상 수상), 아르바이트 경험 다수","사실,, 서류가 붙을줄 몰랐습니다,,",https://cafe.naver.com/f-e/cafes/15754634/articles/7799126?boardtype=L&menuid=9027&referrerAllArticles=false&page=1
[현대자동차 합격스펙] 2026년 상반기 현대자동차 합격스펙(서류),2026.04.27. 12:35,,,27,지거국/산업공학과,4.05,토스 AL,3개(기사 자격증x),스타트업 9개월,"수상경력 3회, 학부연구실 3학기",AI 활용 능력,https://cafe.naver.com/f-e/cafes/15754634/articles/7798972?boardtype=L&menuid=9027&referrerAllArticles=false&page=2
현대자동차 서류 합격,2026.04.27. 12:05,생산기술,26년도 상반기,27,기계공학과,4.14,토스IM3,"일반기계기사,산업안전기사",x,캡스톤 디자인 최우수상,캡스톤 디자인 어필,https://cafe.naver.com/f-e/cafes/15754634/articles/7798947?boardtype=L&menuid=9027&referrerAllArticles=false&page=2
[현대자동차 합격스펙] 2026년 상반기 현대자동차 (서류) 합격스펙,2026.04.26. 13:53,현대자동차 생산기술,26년 상반기,26,전기전자공학부,3.92,오픽IH,x,x,x,이번에 대규모채용이라 합격된 것 같다.,https://cafe.naver.com/f-e/cafes/15754634/articles/7797983?boardtype=L&menuid=9027&referrerAllArticles=false&page=2
[현대자동차 합격스펙] 2026년 상반기 현대자동차 (서류) 합격스펙,2026.04.26. 13:32,현대자동차 국내사업,26 상반기,26,과기원 산공,3.69/4.3,토스AL,개인사업 2년/ 운전면허,X,"수상1, 알바2",사업경험,https://cafe.naver.com/f-e/cafes/15754634/articles/7797970?boardtype=L&menuid=9027&referrerAllArticles=false&page=2
[현대자동차 합격스펙] 2026년 상반기 현대자동차기업 (서류) 합격스펙,2026.04.26. 13:16,,,25,서성한 / 상경,4점대 초반,토스 IH,"대외 2, 자격3",x,교내 수상1,기업 분석 후 제 프로젝트 등의 경험을 기업에 맞게 한번 더 가공해서 적었습니다!,https://cafe.naver.com/f-e/cafes/15754634/articles/7797963?boardtype=L&menuid=9027&referrerAllArticles=false&page=2
2026 상반기 CJ ENM 서류 합격스펙,2026.04.26. 02:30,CJ ENM 무대디자인,26년도 상반기,25,건동홍 디자인 전공,3.49,-,전시 3회,-,국내외 제품 공모전 수상 다수 / 전공 관련 학원 아르바이트,"직무관련 나만의 스토리, 문화의 트렌드와 ar등 기술 활용에 대한 정보",https://cafe.naver.com/f-e/cafes/15754634/articles/7797670?boardtype=L&menuid=9027&referrerAllArticles=false&page=2
[CJ그룹 합격스펙] 2026 상반기 CJ올리브영 서류 합격 스펙,2026.04.25. 22:32,CJ 올리브영 MD,26년도 상반기,만24,서성한 어문,3.78,"OPIc AL(영어), ZD B1(독일어)","관련 학내활동 1회
관련 대외활동 1회(2기수 연임) 및 SNS 운영
기타 대외활동 1회
GAC, SQLD","1회(2.5개월, 산학연계)","올리브영 글로벌지점 메이트 6개월, 내국인 상권 단기 세일 크루
대외활동 개인 및 팀 프로젝트 수상","CJ는 비교적 서합률이 높은편으로 알고있습니다.
직무관련 경험과 나만의 스토리, 그리고 올리브영의 경우 뷰티관련 본인만의 인사이트를 잘 녹여내는것이 중요하다 생각합니다.
올리브영뿐 아니라 뷰티업계 진입하고싶은 분들은 올리브영 아르바이트, 그중에서도 글로벌 지점을 추천드립니다.",https://cafe.naver.com/f-e/cafes/15754634/articles/7797468?boardtype=L&menuid=9027&referrerAllArticles=false&page=2
[현대자동차 합격스펙] 2026년 상반기 현대자동차(서류) 합격스펙,2026.04.25. 16:06,현대자동차 플랜트 운영,26년도 상반기,26,지방사립대 미래자동착공학과,3.8x,토스 IH,"한자 3급, 1종보통운전면허",x,x,자소서를 열심히 잘 쓴거 같아요.,https://cafe.naver.com/f-e/cafes/15754634/articles/7797050?boardtype=L&menuid=9027&referrerAllArticles=false&page=2
[현대자동차 합격스펙] 2026년 상반기 서류 합격 스펙,2026.04.25. 15:52,현대차 차량 개발,26 상반기,27,sky 기계공,4.3,오픽 IH,x,x,x,자소서를 직무 역량에 맞게 쓰려고 노력했습니다,https://cafe.naver.com/f-e/cafes/15754634/articles/7797044?boardtype=L&menuid=9027&referrerAllArticles=false&page=2
[현대자동차 합격스펙] 2026년 상반기 현대자동차 서류 합격스펙,2026.04.25. 15:34,현대자동차 기아 디자인 PM,26년 상반기,28,중경외시 산디과,4,opic ih,컴활1급,X,실내디자인 1년 재직,실무 경험을 잘 엮어서 풀어낸 것 같습니,https://cafe.naver.com/f-e/cafes/15754634/articles/7797034?boardtype=L&menuid=9027&referrerAllArticles=false&page=2
[CJ 합격스펙] 2026년 상반기 제일제당 서류 합격스펙,2026.04.25. 12:28,CJ제일제당 식품 알앤디,26 상반기,27(00),서성한 식품계열 학석,4초,오픽 ih,"기사x, 창업 경험",x,유관경렫 2년이상,유관경력 2년이상,https://cafe.naver.com/f-e/cafes/15754634/articles/7796856?boardtype=L&menuid=9027&referrerAllArticles=false&page=2
[현대자동차 합격스펙] 2026년 상반기 현대자동차(서류) 합격스펫,2026.04.25. 00:24,현대자동차 생산기술,26년 상반기,29,충남대 전자공학,4.2,오픽 IM3,6시그마 GB,직장경력 4년차,,직무에 적합한 업무 경험,https://cafe.naver.com/f-e/cafes/15754634/articles/7796541?boardtype=L&menuid=9027&referrerAllArticles=false&page=2
[현대자동차 합격스펙] 2026년 상반기 현대자동차(서류) 합격스펙,2026.04.24. 23:04,현대자동차 전자개발,26년도 상반기,30(만28),국숭라인 학사 전자공학전공/ 국숭라인 석사 RF 전공,학사 4.0/석사4.5,토익스피킹 IH,"총학생회, 동아리회장, 자격증 3개",연구실 인턴,교내설계경진대회 학부장상 수상,학부시절 자동차공학관련 수업의 내용과 석사전공 내용을 직무기술서의 내용과 연관지어 작성했던것 같습니다.,https://cafe.naver.com/f-e/cafes/15754634/articles/7796443?boardtype=L&menuid=9027&referrerAllArticles=false&page=2
[현대자동차 합격스펙] 2026 상반기 현대자동차 서류 합격스펙,2026.04.24. 22:53,현대자동차 플랜트운영,26년 상반기,만 27세,지거국 신소재,4.1/4.5,토스 IH,x,x,"교외 수상경력 다수
국내 기업 재직중",기업의 인재상에 맞는 경험을 녹여내려고 노력함,https://cafe.naver.com/f-e/cafes/15754634/articles/7796430?boardtype=L&menuid=9027&referrerAllArticles=false&page=2
[CJ제일제당 합격스펙] 2026년 상반기 CJ제일제당 서류 합격스펙,2026.04.24. 18:47,제일제당 구매,26 상반기,27,sky 어문,3.9,오픽 ih,"2회, adsp",유-6개월 스타트업,유,,https://cafe.naver.com/f-e/cafes/15754634/articles/7796229?boardtype=L&menuid=9027&referrerAllArticles=false&page=2
